<?xml version="1.0" encoding="UTF-8"?>
<!DOCTYPE juego SYSTEM "ejercicio02.dtd">
<!--
To change this license header, choose License Headers in Project Properties.
To change this template file, choose Tools | Templates
and open the template in the editor.
-->


<juego>
    <nombre>Run to Mordor</nombre>
    <ubicacion>Tierra Media</ubicacion>
    <equipo>
        <nombre>La comunidad del anillo</nombre>
        <director>Gandalf</director>
        <jugadores>
            <jugador>
                <nombre>Bilbo</nombre>
                <apellido>Bolsón</apellido>
                <funcion>andar</funcion>
                <fSecundaria>tirar anillo</fSecundaria>
            </jugador>
            <jugador>
                <nombre> Samsagaz </nombre>
                <apellido>Gamyi</apellido>
                <funcion>cuidar de Bilbo</funcion>
            </jugador>
        </jugadores>
    </equipo>
    <equipo>
        <nombre>Malotes</nombre>
        <director>Sauron</director>
        <jugadores>
            <jugador>
                <nombre>Orco</nombre>
                <cantidad>1000</cantidad>
                <funcion>perseguir</funcion>
            </jugador>
        </jugadores>
    </equipo>
</juego>

